Title,Company,Location,URL,Date,Source
Sales Assistant ,Endureed by Global Innovation ,USA,https://remotive.com/remote-jobs/sales/sales-assistant-2091038,2026-06-26,Remotive
Mid/Senior AI Cinematic Video Editor,EverAI,Worldwide,https://remotive.com/remote-jobs/all-others/mid-senior-ai-cinematic-video-editor-2091035,2026-06-24,Remotive
Senior Product Manager,Lemon.io,"Americas, Europe, Asia, Oceania",https://remotive.com/remote-jobs/product/senior-product-manager-2090984,2026-06-24,Remotive
Staff Product Engineer (São Paulo),LawnStarter,Brazil,https://remotive.com/remote-jobs/product/staff-product-engineer-sao-paulo-2091000,2026-06-23,Remotive
Senior Quality Engineer (Florianópolis),LawnStarter,Brazil,https://remotive.com/remote-jobs/qa/senior-quality-engineer-florianopolis-2090994,2026-06-23,Remotive
Senior Quality Engineer (São Paulo),LawnStarter,Brazil,https://remotive.com/remote-jobs/qa/senior-quality-engineer-sao-paulo-2090995,2026-06-23,Remotive
Senior Quality Engineer (Belo Horizonte),LawnStarter,Brazil,https://remotive.com/remote-jobs/qa/senior-quality-engineer-belo-horizonte-2090996,2026-06-23,Remotive
Senior Quality Engineer (Campinas),LawnStarter,Brazil,https://remotive.com/remote-jobs/qa/senior-quality-engineer-campinas-2090998,2026-06-23,Remotive
Senior Quality Engineer (Porto Alegre),LawnStarter,Brazil,https://remotive.com/remote-jobs/qa/senior-quality-engineer-porto-alegre-2090997,2026-06-23,Remotive
Mid/Senior AI Cinematic Video Editor,EverAI,Worldwide,https://remotive.com/remote-jobs/artificial-intelligence/mid-senior-ai-cinematic-video-editor-2090887,2026-06-19,Remotive
Senior Independent AI Engineer / Architect,A.Team,"Americas, Europe, Israel",https://remotive.com/remote-jobs/software-development/senior-independent-ai-engineer-architect-1919266,2026-06-16,Remotive
Senior Independent Software Developer,A.Team,"Americas, Europe, Israel",https://remotive.com/remote-jobs/software-development/senior-independent-software-developer-1919265,2026-06-16,Remotive
Frontend Developer,Quinncia Inc,Worldwide,https://remotive.com/remote-jobs/software-development/frontend-developer-2090991,2026-06-16,Remotive
Tech Lead Full-Stack Rails Engineer,Mitre Media,"USA, Canada, USA timezones",https://remotive.com/remote-jobs/software-development/tech-lead-full-stack-rails-engineer-2069746,2026-06-14,Remotive
Assistant Account Payable,The Obesity Society,USA,https://remotive.com/remote-jobs/medical/assistant-account-payable-2090989,2026-06-12,Remotive
Head of Engineering,Lemon.io,"LATAM, Europe, Central America",https://remotive.com/remote-jobs/software-development/head-of-engineering-2090983,2026-06-12,Remotive
Office Assistant,Coalition Technologies ,Worldwide,https://remotive.com/remote-jobs/marketing/office-assistant-1680495,2026-06-11,Remotive
Quality Assurance Rater - German (Germany),TELUS Digital,Germany,https://remotive.com/remote-jobs/all-others/quality-assurance-rater-german-germany-2090988,2026-06-11,Remotive
Senior Data Scientist,Lemon.io,"Americas, Europe, Asia, Oceania",https://remotive.com/remote-jobs/data/senior-data-scientist-2090982,2026-06-11,Remotive
iOS Developer,nooro,USA,https://remotive.com/remote-jobs/software-development/ios-developer-1956455,2026-06-09,Remotive
High-Ticket Financial Sales Specialist & Team Lead Track,FSE LLC,Worldwide,https://remotive.com/remote-jobs/sales/high-ticket-financial-sales-specialist-team-lead-track-2090949,2026-06-09,Remotive
Inside Sales Contractor,"Credit Wellness, LLC",Worldwide,https://remotive.com/remote-jobs/sales/inside-sales-contractor-2086540,2026-06-08,Remotive
Online Data Analyst Canada (French Language),TELUS Digital,Canada,https://remotive.com/remote-jobs/all-others/online-data-analyst-canada-french-language-2090945,2026-06-04,Remotive
Online Data Analyst United States Spanish speakers,TELUS Digital,USA,https://remotive.com/remote-jobs/all-others/online-data-analyst-united-states-spanish-speakers-2090946,2026-06-04,Remotive
Online Data Analyst Canada,TELUS Digital,Canada,https://remotive.com/remote-jobs/all-others/online-data-analyst-canada-2090944,2026-06-04,Remotive
Freelance Writer,IAPWE,Worldwide,https://remotive.com/remote-jobs/writing/freelance-writer-1185979,2026-06-04,Remotive
Head of Sales,The Land Geek,Worldwide,https://remotive.com/remote-jobs/sales/head-of-sales-2090943,2026-06-03,Remotive
Copywriter,Coalition Technologies ,Worldwide,https://remotive.com/remote-jobs/writing/copywriter-1749306,2026-06-02,Remotive
"Staff Software Engineer, Product (Belo Horizonte)",LawnStarter,Brazil,https://remotive.com/remote-jobs/software-development/staff-software-engineer-product-belo-horizonte-2090910,2026-06-02,Remotive
"Staff Software Engineer, Product (Florianópolis)",LawnStarter,Brazil,https://remotive.com/remote-jobs/software-development/staff-software-engineer-product-florianopolis-2090911,2026-06-02,Remotive
"Staff Software Engineer, Product (Porto Alegre)",LawnStarter,Brazil,https://remotive.com/remote-jobs/software-development/staff-software-engineer-product-porto-alegre-2090909,2026-06-02,Remotive
"Staff Software Engineer, Product (São Paulo)",LawnStarter,Brazil,https://remotive.com/remote-jobs/software-development/staff-software-engineer-product-sao-paulo-2090912,2026-06-02,Remotive
Customer Operations & Writing Specialist,"Clerky, Inc.",Worldwide,https://remotive.com/remote-jobs/customer-service/customer-operations-writing-specialist-2090942,2026-06-02,Remotive
"Staff Software Engineer, Product (Campinas)",LawnStarter,Brazil,https://remotive.com/remote-jobs/software-development/staff-software-engineer-product-campinas-2090913,2026-06-02,Remotive
Senior Counsel Project Finance &amp; Commercial,Energy Vault,"Westlake Village, CA",https://remoteOK.com/remote-jobs/remote-senior-counsel-project-finance-amp-commercial-energy-vault-1134188,2026-06-27,RemoteOK
DOCUMENT FORMATTING SPECIALIST,Sharon Wells,"Excellence Estates 2, ",https://remoteOK.com/remote-jobs/remote-document-formatting-specialist-sharon-wells-1134219,2026-06-27,RemoteOK
Industry Analysis,Citofield,"Melbourne, ",https://remoteOK.com/remote-jobs/remote-industry-analysis-citofield-1134182,2026-06-27,RemoteOK
Technical Lead,IT FUTURZ,"Surat, ",https://remoteOK.com/remote-jobs/remote-technical-lead-it-futurz-1134198,2026-06-27,RemoteOK
Content,Den danske seermÃ¥ling,"Content, ",https://remoteOK.com/remote-jobs/remote-content-den-danske-seermaling-1134220,2026-06-27,RemoteOK
Ut Facere Aut,Innodrei,"Warangal Rural, ",https://remoteOK.com/remote-jobs/remote-ut-facere-aut-innodrei-1134193,2026-06-27,RemoteOK
Error Odio,Innodrei,"Warangal Rural, ",https://remoteOK.com/remote-jobs/remote-error-odio-innodrei-1134191,2026-06-27,RemoteOK
Video Editor,OnlineJobs.PH,"Time, ",https://remoteOK.com/remote-jobs/remote-video-editor-onlinejobs-ph-1134184,2026-06-27,RemoteOK
Freelance Designer,SAN Creatives Agency,"Time, ",https://remoteOK.com/remote-jobs/remote-freelance-designer-san-creatives-agency-1134185,2026-06-27,RemoteOK
Product Growth Expert Acquisition Afirmativa para Pessoas de Grupos Sub representados,Neon Pagamentos,Remoto,https://remoteOK.com/remote-jobs/remote-product-growth-expert-acquisition-afirmativa-para-pessoas-de-grupos-sub-representados-neon-pagamentos-1134159,2026-06-27,RemoteOK
Property Maintenance &amp; Operations Coordinator,Dart,"George Town, ",https://remoteOK.com/remote-jobs/remote-property-maintenance-amp-operations-coordinator-dart-1134171,2026-06-26,RemoteOK
Common Energy,Office of Energy &amp; Sustainability,"Salisbury, ",https://remoteOK.com/remote-jobs/remote-common-energy-office-of-energy-amp-sustainability-1134164,2026-06-26,RemoteOK
My Green Lab,Office of Energy &amp; Sustainability,"Division 8, ",https://remoteOK.com/remote-jobs/remote-my-green-lab-office-of-energy-amp-sustainability-1134217,2026-06-26,RemoteOK
Stok,Office of Energy &amp; Sustainability,"Leh, ",https://remoteOK.com/remote-jobs/remote-stok-office-of-energy-amp-sustainability-1134197,2026-06-26,RemoteOK
IoT Specialist,Jasper Solutions Inc.,"Mangaluru, ",https://remoteOK.com/remote-jobs/remote-iot-specialist-jasper-solutions-inc-1134196,2026-06-26,RemoteOK
People Operations Specialist,VulnCheck,"Boston, Boston, Massachusetts, United States",https://remoteOK.com/remote-jobs/remote-people-operations-specialist-vulncheck-1134172,2026-06-26,RemoteOK
Creative Strategist,Happy Mammoth,"Berlin, Berlin, Berlin, Deutschland",https://remoteOK.com/remote-jobs/remote-creative-strategist-happy-mammoth-1134205,2026-06-26,RemoteOK
Frontend Developer Junior,Universia PerÃº,"San Isidro, San Isidro, PerÃº",https://remoteOK.com/remote-jobs/remote-frontend-developer-junior-universia-peru-1134158,2026-06-26,RemoteOK
Analyst Customer Routing,Gildan,"Christ Church, ",https://remoteOK.com/remote-jobs/remote-analyst-customer-routing-gildan-1134170,2026-06-26,RemoteOK
Creative Operations Manager,StioÂ®,"Denver, Denver, Colorado, United States",https://remoteOK.com/remote-jobs/remote-creative-operations-manager-stior-1134216,2026-06-26,RemoteOK
Art Director Brand &amp; Concepts,StioÂ®,"Denver, Denver, Colorado, United States",https://remoteOK.com/remote-jobs/remote-art-director-brand-amp-concepts-stior-1134215,2026-06-26,RemoteOK
Simple Speaker,"Web Developer: Ravi, One of the best in India","Ranchi, ",https://remoteOK.com/remote-jobs/remote-simple-speaker-web-developer-ravi-one-of-the-best-in-india-1134192,2026-06-26,RemoteOK
Executive Assistant,Atlas Search,New York City Metropolitan Area,https://remoteOK.com/remote-jobs/remote-executive-assistant-atlas-search-1134214,2026-06-26,RemoteOK
Executive,Lupin,"Greater Aurangabad Area, ",https://remoteOK.com/remote-jobs/remote-executive-lupin-1134194,2026-06-26,RemoteOK
Maria Covlea,Tyviso,"Rajkot, ",https://remoteOK.com/remote-jobs/remote-maria-covlea-tyviso-1134195,2026-06-26,RemoteOK
Jack Ward,Tyviso,"Nirsa, ",https://remoteOK.com/remote-jobs/remote-jack-ward-tyviso-1134190,2026-06-26,RemoteOK
Customer Support Technician Helpdesk Offboardings &amp; Access,Pixel Machinery,"California, California, United States",https://remoteOK.com/remote-jobs/remote-customer-support-technician-helpdesk-offboardings-amp-access-pixel-machinery-1134154,2026-06-26,RemoteOK
User Researcher,"Ministry of Housing, Communities and Local Government","Wolverhampton, ",https://remoteOK.com/remote-jobs/remote-user-researcher-ministry-of-housing-communities-and-local-government-1134178,2026-06-26,RemoteOK
Operator,Genuit Group,"Sunderland, ",https://remoteOK.com/remote-jobs/remote-operator-genuit-group-1134162,2026-06-26,RemoteOK
British English Voice Recording Specialist Lancaster,OpsArmy Careers,"Lancashire, Lancashire, England, United Kingdom",https://remoteOK.com/remote-jobs/remote-british-english-voice-recording-specialist-lancaster-opsarmy-careers-1134221,2026-06-26,RemoteOK
Owner,Cultur'Elles - L'association des femmes du ministÃ¨re de la Culture,"Madhya Pradesh, ",https://remoteOK.com/remote-jobs/remote-owner-culturelles-lassociation-des-femmes-du-ministere-de-la-culture-1134200,2026-06-26,RemoteOK
Funnel Builder,DSIGNS AUSTRALIA,"Greater Sydney Area, ",https://remoteOK.com/remote-jobs/remote-funnel-builder-dsigns-australia-1134183,2026-06-26,RemoteOK
Aeronautical Information Service Cadet,Grenada Airports Authority,"St. George's, ",https://remoteOK.com/remote-jobs/remote-aeronautical-information-service-cadet-grenada-airports-authority-1134169,2026-06-26,RemoteOK
Guard,Township of Langley,"British Columbia, ",https://remoteOK.com/remote-jobs/remote-guard-township-of-langley-1134218,2026-06-26,RemoteOK
Collections Manager,National Service Bureau,"Sarasota, Sarasota, Florida, United States",https://remoteOK.com/remote-jobs/remote-collections-manager-national-service-bureau-1134155,2026-06-26,RemoteOK
Process Specialist,Betfred,"Warrington, ",https://remoteOK.com/remote-jobs/remote-process-specialist-betfred-1134181,2026-06-26,RemoteOK
Payroll Specialist,ADP,"Hyderabad, ",https://remoteOK.com/remote-jobs/remote-payroll-specialist-adp-1134203,2026-06-26,RemoteOK
Customer Support,Recruit Lytics Hiring,"Ø§ÙÙØ¯ÙÙØ©, Ø§ÙÙØ¯ÙÙØ© Ø§ÙÙØ¯ÙÙØ© Ø§ÙØ³Ø¹ÙØ¯ÙØ©",https://remoteOK.com/remote-jobs/remote-customer-support-recruit-lytics-hiring-1134212,2026-06-26,RemoteOK
Entry Level Administrative Assistant,Recruit Lytics Hiring,"Ø§ÙÙØ¯ÙÙØ©, Ø§ÙÙØ¯ÙÙØ© Ø§ÙÙØ¯ÙÙØ© Ø§ÙØ³Ø¹ÙØ¯ÙØ©",https://remoteOK.com/remote-jobs/remote-entry-level-administrative-assistant-recruit-lytics-hiring-1134152,2026-06-26,RemoteOK
Administrative Assistant Entry Level,Recruit Lytics Hiring,"England, England, United Kingdom",https://remoteOK.com/remote-jobs/remote-administrative-assistant-entry-level-recruit-lytics-hiring-1134138,2026-06-26,RemoteOK
Human Resources Assistant,Recruit Lytics Hiring,"England, England, United Kingdom",https://remoteOK.com/remote-jobs/remote-human-resources-assistant-recruit-lytics-hiring-1134179,2026-06-26,RemoteOK
File Clerk,Recruit Lytics Hiring,"Hong Kong, Hong Kong, Hong Kong SAR",https://remoteOK.com/remote-jobs/remote-file-clerk-recruit-lytics-hiring-1134157,2026-06-26,RemoteOK
Data Entry Specialist Assistant Administrator,Recruit Lytics Hiring,"Hong Kong, Hong Kong, Hong Kong SAR",https://remoteOK.com/remote-jobs/remote-data-entry-specialist-assistant-administrator-recruit-lytics-hiring-1134153,2026-06-26,RemoteOK
Virtual Executive Assistant,Recruit Lytics Hiring,"Friesland, Friesland, Nederland",https://remoteOK.com/remote-jobs/remote-virtual-executive-assistant-recruit-lytics-hiring-1134137,2026-06-26,RemoteOK
Freelance Designer,Awesomehues,"Allen County, ",https://remoteOK.com/remote-jobs/remote-freelance-designer-awesomehues-1134156,2026-06-26,RemoteOK
Game Tester Earn Up $500 per Game,JobsInMass.com,"Attleboro, ",https://remoteOK.com/remote-jobs/remote-game-tester-earn-up-500-per-game-jobsinmass-com-1134151,2026-06-26,RemoteOK
SOCIAL MEDIA MANAGER â,OnlineJobs.PH,"Media, ",https://remoteOK.com/remote-jobs/remote-social-media-manager-ae-onlinejobs-ph-1134150,2026-06-26,RemoteOK
Marketing Assistant,OnlineJobs.PH,"Fully, ",https://remoteOK.com/remote-jobs/remote-marketing-assistant-onlinejobs-ph-1134136,2026-06-26,RemoteOK
I am looking for guide,"Mixed Media Labs, Inc.","Raina-I, ",https://remoteOK.com/remote-jobs/remote-i-am-looking-for-guide-mixed-media-labs-inc-1134141,2026-06-26,RemoteOK
Claims Specialist,DTLA Benefits,"Columbus, ",https://remoteOK.com/remote-jobs/remote-claims-specialist-dtla-benefits-1134173,2026-06-26,RemoteOK
View Open Positions,Minds Worth Meeting Podcast,"Fully, ",https://remoteOK.com/remote-jobs/remote-view-open-positions-minds-worth-meeting-podcast-1134149,2026-06-26,RemoteOK
Genealogista,Amorim Global,"SÃ£o Paulo, SÃ£o Paulo, SÃ£o Paulo, Brasil",https://remoteOK.com/remote-jobs/remote-genealogista-amorim-global-1134174,2026-06-26,RemoteOK
Ayudante de RRHH,MUNOZ LAW FIRM,"Lima, ",https://remoteOK.com/remote-jobs/remote-ayudante-de-rrhh-munoz-law-firm-1134204,2026-06-26,RemoteOK
Senior Vice President Global Operations,F1Â® Arcade,"Chicago, Chicago, Illinois, United States",https://remoteOK.com/remote-jobs/remote-senior-vice-president-global-operations-f1r-arcade-1134213,2026-06-26,RemoteOK
Vice President Supply Chain,Ramp Talent,"New York, New York, United States",https://remoteOK.com/remote-jobs/remote-vice-president-supply-chain-ramp-talent-1134128,2026-06-25,RemoteOK
Learn more,Get Vetted,"Staffordshire, ",https://remoteOK.com/remote-jobs/remote-learn-more-get-vetted-1134180,2026-06-25,RemoteOK
Asistente de Cuentas Marketing BTL Weldon,Universia Argentina,"Buenos Aires, Buenos Aires, Provincia de Buenos Aires, Argentina",https://remoteOK.com/remote-jobs/remote-asistente-de-cuentas-marketing-btl-weldon-universia-argentina-1134134,2026-06-25,RemoteOK
Water Safety Specialist,Four Seasons,"Nassau, ",https://remoteOK.com/remote-jobs/remote-water-safety-specialist-four-seasons-1134130,2026-06-25,RemoteOK
Chief Growth Officer,Berni and Mick Ireland,"Richmond Upon Thames, Richmond Upon Thames, England, United Kingdom",https://remoteOK.com/remote-jobs/remote-chief-growth-officer-berni-and-mick-ireland-1134139,2026-06-25,RemoteOK
Leakage Inspector,Williams Tucker Limited,"London Area, London Area, United Kingdom",https://remoteOK.com/remote-jobs/remote-leakage-inspector-williams-tucker-limited-1134163,2026-06-25,RemoteOK
Line inspector,Job Buzzer,"Kolhapur, ",https://remoteOK.com/remote-jobs/remote-line-inspector-job-buzzer-1134140,2026-06-25,RemoteOK
Clinical Trial Associate,Ollin Biosciences,San Francisco Bay Area,https://remoteOK.com/remote-jobs/remote-clinical-trial-associate-ollin-biosciences-1134124,2026-06-25,RemoteOK
Test Job,Newcastle Digest,"Newcastle, ",https://remoteOK.com/remote-jobs/remote-test-job-newcastle-digest-1134114,2026-06-25,RemoteOK
Product,fashionxyz,"One Tree, ",https://remoteOK.com/remote-jobs/remote-product-fashionxyz-1134115,2026-06-25,RemoteOK
Assistant Marketing Manager,Little Caesars Pizza,"Ãrea metropolitana de TorreÃ³n, ",https://remoteOK.com/remote-jobs/remote-assistant-marketing-manager-little-caesars-pizza-1134117,2026-06-25,RemoteOK
Scheduling Coordinator Entry Level No Experience Needed,Travel Planning Professionals,"New York, New York, United States",https://remoteOK.com/remote-jobs/remote-scheduling-coordinator-entry-level-no-experience-needed-travel-planning-professionals-1134108,2026-06-25,RemoteOK
Scheduling Coordinator Entry Level,Travel Planning Professionals,"Illinois, Illinois, United States",https://remoteOK.com/remote-jobs/remote-scheduling-coordinator-entry-level-travel-planning-professionals-1134127,2026-06-25,RemoteOK
Entry Level Online Scheduling Coordinator,Travel Planning Professionals,"Georgia, Georgia, United States",https://remoteOK.com/remote-jobs/remote-entry-level-online-scheduling-coordinator-travel-planning-professionals-1134109,2026-06-25,RemoteOK
School Crossing Patrol,Education Authority (Northern Ireland),"Armoy, ",https://remoteOK.com/remote-jobs/remote-school-crossing-patrol-education-authority-northern-ireland-1134166,2026-06-25,RemoteOK
Preparador de Vehiculos Hatillo,Enterprise,"San Juan, ",https://remoteOK.com/remote-jobs/remote-preparador-de-vehiculos-hatillo-enterprise-1134099,2026-06-25,RemoteOK
Kerendia Task Force,Bayer,"Valsad, ",https://remoteOK.com/remote-jobs/remote-kerendia-task-force-bayer-1134145,2026-06-25,RemoteOK
Speculative application,Wenzel DesignTec,"Regional Municipality of Peel, ",https://remoteOK.com/remote-jobs/remote-speculative-application-wenzel-designtec-1134119,2026-06-25,RemoteOK
Team leader supervisor,Clean Bees,"Bristol, ",https://remoteOK.com/remote-jobs/remote-team-leader-supervisor-clean-bees-1134161,2026-06-25,RemoteOK
hh2,Biztech,"åæ¸¯å, ",https://remoteOK.com/remote-jobs/remote-hh2-biztech-1134146,2026-06-25,RemoteOK
Open Position â Dauphine,AmericaShare,"Wideopen, ",https://remoteOK.com/remote-jobs/remote-open-position-dauphine-americashare-1134160,2026-06-25,RemoteOK
Communication Officer,Marie Curie Alumni Association Mexico Chapter,"Rumes, ",https://remoteOK.com/remote-jobs/remote-communication-officer-marie-curie-alumni-association-mexico-chapter-1134186,2026-06-25,RemoteOK
Architectural Designer Assistant,Archisearch,"Athens, ",https://remoteOK.com/remote-jobs/remote-architectural-designer-assistant-archisearch-1134110,2026-06-25,RemoteOK
AWS Connect,Tata Consultancy Services,"Chennai, ",https://remoteOK.com/remote-jobs/remote-aws-connect-tata-consultancy-services-1134199,2026-06-25,RemoteOK
Freelance Designer,La Vena Creativa,"Time, ",https://remoteOK.com/remote-jobs/remote-freelance-designer-la-vena-creativa-1134112,2026-06-25,RemoteOK
Freelance Transcriptionist â Sinhalese,Perle,"Ø­ÙÙÙ, Ø­ÙÙÙ Ø­ÙÙÙ Ø§ÙÙÙÙØª",https://remoteOK.com/remote-jobs/remote-freelance-transcriptionist-sinhalese-perle-1134088,2026-06-25,RemoteOK
Freelance Transcriptionist â Akan,Perle,"Telangana, Telangana, India",https://remoteOK.com/remote-jobs/remote-freelance-transcriptionist-akan-perle-1134091,2026-06-25,RemoteOK
å·¥ä½äººå,å¹¿å·å¸äººåèµæºåç¤¾ä¼ä¿éå±,"ä¸½æ°´, ",https://remoteOK.com/remote-jobs/,2026-06-25,RemoteOK
System Software Engineer,Hewlett Packard Enterprise,"Aguadilla, ",https://remoteOK.com/remote-jobs/remote-system-software-engineer-hewlett-packard-enterprise-1134102,2026-06-25,RemoteOK
Australian English Voice Actor Specialist Sydney,OpsArmy Careers,"Sydney, Sydney, New South Wales, Australia",https://remoteOK.com/remote-jobs/remote-australian-english-voice-actor-specialist-sydney-opsarmy-careers-1134167,2026-06-25,RemoteOK
Account Coordinator,Acast,"New York, New York, New York, United States",https://remoteOK.com/remote-jobs/remote-account-coordinator-acast-1134125,2026-06-25,RemoteOK
Meeting Coordinator,Canvas Meetings & Incentives,"Remote, ",https://remoteOK.com/remote-jobs/remote-meeting-coordinator-canvas-meetings-incentives-1134068,2026-06-25,RemoteOK
Field Reliability Engineer LATAM,Honeycomb.io,Brazil,https://remoteOK.com/remote-jobs/remote-field-reliability-engineer-latam-honeycomb-io-1134061,2026-06-25,RemoteOK
Curso HumanizaciÃ³n del Servicio,Comfenalco Valle delagente,"Cali, Cali, Valle del Cauca, Colombia",https://remoteOK.com/remote-jobs/remote-curso-humanizacion-del-servicio-comfenalco-valle-delagente-1134074,2026-06-24,RemoteOK
Marketing Manager Social Media Content Creation,Academy of Television Arts &amp; Sciences,"Los Angeles, Los Angeles, California, United States",https://remoteOK.com/remote-jobs/remote-marketing-manager-social-media-content-creation-academy-of-television-arts-amp-sciences-1134065,2026-06-24,RemoteOK
LABORER,Portales Fire Department,"Kolkata, ",https://remoteOK.com/remote-jobs/remote-laborer-portales-fire-department-1134147,2026-06-24,RemoteOK
Lead Creative Strategist,New Engen,"New York, New York, New York, United States",https://remoteOK.com/remote-jobs/remote-lead-creative-strategist-new-engen-1134063,2026-06-24,RemoteOK
Office Support Role Pratham Education Foundation,UN Remote Jobss,"Ukhrul, ",https://remoteOK.com/remote-jobs/remote-office-support-role-pratham-education-foundation-un-remote-jobss-1134092,2026-06-24,RemoteOK
Product manager,DUÄAST,"Nirsa, ",https://remoteOK.com/remote-jobs/remote-product-manager-dueast-1134144,2026-06-24,RemoteOK
Marketing Virtual Assistant,Martell Media,"Argentina, ",https://remoteOK.com/remote-jobs/remote-marketing-virtual-assistant-martell-media-1134049,2026-06-24,RemoteOK
Medical Scribe Female,Angel City VA Recruitment,Worldwide,https://remoteOK.com/remote-jobs/remote-medical-scribe-female-angel-city-va-recruitment-1134048,2026-06-24,RemoteOK
Locator,GrandBridge Energy Inc.,"Brantford, ",https://remoteOK.com/remote-jobs/remote-locator-grandbridge-energy-inc-1134118,2026-06-24,RemoteOK
Analista de Produtos Pleno Open Finance Wallet &amp; Banking Remoto,PicPay,"SÃ£o Paulo e RegiÃ£o, ",https://remoteOK.com/remote-jobs/remote-analista-de-produtos-pleno-open-finance-wallet-amp-banking-remoto-picpay-1134044,2026-06-24,RemoteOK
Staff Housing Caretaker,Fairmont Hotels &amp; Resorts,"Southampton Parish, ",https://remoteOK.com/remote-jobs/remote-staff-housing-caretaker-fairmont-hotels-amp-resorts-1134129,2026-06-24,RemoteOK
Spontaneous application Red Deer,Olymel,"Red Deer, ",https://remoteOK.com/remote-jobs/remote-spontaneous-application-red-deer-olymel-1134084,2026-06-24,RemoteOK
Job vacancies,GREEN HILLS CLEANING LIMITED,"Beowawe, ",https://remoteOK.com/remote-jobs/remote-job-vacancies-green-hills-cleaning-limited-1134087,2026-06-24,RemoteOK
